{"scheme": "4", "f1score": {"10": 0.7470233699235174, "20": 0.8684818342746354, "30": 0.906565346147399, "50": 0.9347871112820664, "40": 0.9258568124474347, "60": 0.9413397332288452, "70": 0.9450061301728886, "90": 0.955328277180212, "80": 0.950107715478619, "100": 0.9574945035996034}, "are": {"10": 0.44042312307764886, "20": 0.3009413508972196, "30": 0.24165654054039196, "50": 0.18480756730733636, "40": 0.20424376691138918, "60": 0.16875604097753286, "70": 0.15944473675358936, "90": 0.13651659640585678, "80": 0.1484095396966113, "100": 0.13069832472844445}}