{"scheme": "5", "f1score": {"10": 0.7642395543569817, "20": 0.8867133793834583, "30": 0.9226269667615917, "50": 0.9481857722509268, "40": 0.9411718992850482, "60": 0.9540046172971052, "70": 0.9579161836512454, "90": 0.9657268208255348, "80": 0.9603471043199396, "100": 0.9681012226086586}, "are": {"10": 0.40938225078489365, "20": 0.2612856061107482, "30": 0.20225888546512213, "50": 0.14807721932353035, "40": 0.165718288226723, "60": 0.1345577653619691, "70": 0.12454940321276016, "90": 0.1046771551706182, "80": 0.11669450478953212, "100": 0.09905348646906041}}