{"scheme": "11", "f1score": {"10": 0.5068102212087732, "20": 0.7128202110548821, "30": 0.7657417900755098, "50": 0.7975750654933834, "40": 0.7898740974998508, "60": 0.8054546802045506, "70": 0.8096466132086876, "90": 0.8180747106521588, "80": 0.8147811993517018, "100": 0.8175795053003533}, "are": {"10": 0.7524975428470344, "20": 0.5870448564892943, "30": 0.5315329272197715, "50": 0.4874054569678063, "40": 0.5009656368511439, "60": 0.47506100909521753, "70": 0.4676081287701434, "90": 0.45196651851695957, "80": 0.45901707262190333, "100": 0.4503914061591254}}