{"scheme": "8", "f1score": {"10": 0.7654646286818001, "20": 0.9136828168314783, "30": 0.9429135360893319, "50": 0.9662330912818143, "40": 0.9598307583819475, "60": 0.971133132270573, "70": 0.9736480970000174, "90": 0.9787811645407909, "80": 0.9745344402064169, "100": 0.9805157714358247}, "are": {"10": 0.4282718114030393, "20": 0.20854928268314327, "30": 0.15146892865531125, "50": 0.09953601718740132, "40": 0.11543603707738428, "60": 0.08689532606152874, "70": 0.07940194413808478, "90": 0.06565182803360363, "80": 0.07538915360523069, "100": 0.060819710204173434}}