{"scheme": "5", "f1score": {"10": 0.7048379865498268, "20": 0.8489083735203858, "30": 0.8862975770596143, "50": 0.9190755807810166, "40": 0.909562529399906, "60": 0.9269226288548271, "70": 0.9326179637257028, "90": 0.9433292028087567, "80": 0.937694885054132, "100": 0.9463879657162847}, "are": {"10": 0.5193242870065983, "20": 0.3447935640056182, "30": 0.28422861670925786, "50": 0.22263725551349833, "40": 0.24293915799157054, "60": 0.2056019719623799, "70": 0.19295461647225656, "90": 0.16953713174566873, "80": 0.18158262531062758, "100": 0.16233162198429238}}