{"scheme": "2", "f1score": {"10": 0.7077930224335945, "20": 0.8319683259900318, "30": 0.8734536558345641, "50": 0.9030092168711469, "40": 0.8944451220338524, "60": 0.9104010236034883, "70": 0.9162401286926001, "90": 0.9265588721316962, "80": 0.9206081412457087, "100": 0.9285650940049663}, "are": {"10": 0.5118468220389062, "20": 0.3802179076304285, "30": 0.3212355703347139, "50": 0.26803626050938684, "40": 0.2852722915584829, "60": 0.25262377751458925, "70": 0.2407628400532187, "90": 0.21900219768707402, "80": 0.2311208927100021, "100": 0.21356911617116223}}