{"scheme": "17", "f1score": {"10": 0.9146405224291178, "20": 0.9699119488958297, "30": 0.983049069586926, "50": 0.9897582033123606, "40": 0.9876595585391114, "60": 0.9907501604244596, "70": 0.9917761474151169, "90": 0.9950510604870385, "80": 0.9936340787759819, "100": 0.994995412461423}, "are": {"10": 0.18061172985934612, "20": 0.07637799353539533, "30": 0.04691581338782829, "50": 0.02942098969578902, "40": 0.03544172072562741, "60": 0.02585363014503135, "70": 0.02272360105473899, "90": 0.015042679114436266, "80": 0.01834817257370739, "100": 0.014649502792525183}}