{"scheme": "3", "f1score": {"10": 0.6354742662696724, "20": 0.7967211310997414, "30": 0.8399550045474127, "50": 0.8741332410886964, "40": 0.8643064130023939, "60": 0.8825262574092689, "70": 0.888060825052695, "90": 0.900262241520141, "80": 0.893435015938345, "100": 0.9012266861233982}, "are": {"10": 0.6091357912861239, "20": 0.44210592739867083, "30": 0.3818618996690537, "50": 0.32546217023224056, "40": 0.3441551582592478, "60": 0.30924925167829476, "70": 0.2976137031695244, "90": 0.2735468377428356, "80": 0.28668942863496655, "100": 0.2696034463917063}}