{"scheme": "6", "f1score": {"10": 0.7292680683258878, "20": 0.8728827382536508, "30": 0.9092504669111856, "50": 0.9388559573206876, "40": 0.9288053237562057, "60": 0.9458885074382867, "70": 0.9491302337163388, "90": 0.9595916458218942, "80": 0.9532624668409703, "100": 0.961243317813416}, "are": {"10": 0.4845218812464589, "20": 0.29570897335111895, "30": 0.2337267076480408, "50": 0.17389239910759607, "40": 0.19530231359528416, "60": 0.15772395677154682, "70": 0.14849189223608852, "90": 0.12500486028343874, "80": 0.13853126705516905, "100": 0.11980763681672935}}