{"scheme": "16", "f1score": {"10": 0.8377743462892355, "20": 0.9290161486425838, "30": 0.9520587186111621, "50": 0.9691071891284946, "40": 0.9637643212036836, "60": 0.9724475323888898, "70": 0.9755894590846047, "90": 0.9813469233372484, "80": 0.9784333445077663, "100": 0.9823042486696513}, "are": {"10": 0.320163603462125, "20": 0.17509470806495425, "30": 0.12750748976500048, "50": 0.08697866962214514, "40": 0.10087665912720628, "60": 0.07734144769338512, "70": 0.06934176968053501, "90": 0.05502900334393925, "80": 0.06208584040099735, "100": 0.05173652808682477}}