{"scheme": "6", "f1score": {"10": 0.7800512495136205, "20": 0.9033616187989557, "30": 0.9364324934349025, "50": 0.9596790486910844, "40": 0.9537496800614282, "60": 0.9645496480503104, "70": 0.9678372739916551, "90": 0.9751482124678124, "80": 0.9697672244554549, "100": 0.9756211114403014}, "are": {"10": 0.38363728361352983, "20": 0.22423944514499827, "30": 0.16722259533626946, "50": 0.11639089405409678, "40": 0.1320480183052816, "60": 0.1036012119070294, "70": 0.09524887526170107, "90": 0.07793426024169078, "80": 0.08914674764791128, "100": 0.0742941446638116}}