{"scheme": "8", "f1score": {"10": 0.8079408494944326, "20": 0.9296532722481639, "30": 0.9569661854306049, "50": 0.9748188637884159, "40": 0.9714055273405502, "60": 0.9787629873713088, "70": 0.9823019483306153, "90": 0.9856241719562595, "80": 0.9811781688967853, "100": 0.9869405722670579}, "are": {"10": 0.3467269178470291, "20": 0.16536086034935002, "30": 0.11367765803077418, "50": 0.07182214618314572, "40": 0.08254646873723934, "60": 0.061992113887584195, "70": 0.053878730369657526, "90": 0.044565405229519024, "80": 0.05353059565207393, "100": 0.04048801708955694}}