{"scheme": "12", "f1score": {"10": 0.6523119280913435, "20": 0.808972464741437, "30": 0.8545729953148667, "50": 0.8844732838647583, "40": 0.8755243983219254, "60": 0.891359843747323, "70": 0.8952476759999255, "90": 0.905266750570618, "80": 0.8996739152179567, "100": 0.9051243713470164}, "are": {"10": 0.5939136408329988, "20": 0.4355286034975721, "30": 0.3759682346063712, "50": 0.32535569205517695, "40": 0.3426162281576265, "60": 0.31156547756370445, "70": 0.30237437622951563, "90": 0.2817466245913806, "80": 0.29319143545723986, "100": 0.27940821524119064}}