{"scheme": "17", "f1score": {"10": 0.8701964106523784, "20": 0.9577133003333359, "30": 0.976651587483583, "50": 0.9864726291983312, "40": 0.9842861753096839, "60": 0.9896965067884589, "70": 0.9906875573530912, "90": 0.9928009572569096, "80": 0.9914852319129845, "100": 0.992878264128941}, "are": {"10": 0.18329669924479008, "20": 0.0827616694788264, "30": 0.054549641048918386, "50": 0.03290115515540911, "40": 0.03909103637147788, "60": 0.026898026582035873, "70": 0.02339629888780487, "90": 0.01868703311835369, "80": 0.021682958832244508, "100": 0.017721922693560356}}