{"scheme": "13", "f1score": {"10": 0.6894341171096539, "20": 0.8264785560989341, "30": 0.8697222640286187, "50": 0.8999036505727438, "40": 0.8905085667663857, "60": 0.9076089707892472, "70": 0.9115271659324521, "90": 0.9228573227817544, "80": 0.9168783600165417, "100": 0.9243779765878846}, "are": {"10": 0.5385457446990901, "20": 0.3946551938743255, "30": 0.33435854151161126, "50": 0.27967174010235146, "40": 0.29840273706126813, "60": 0.2645302553176333, "70": 0.2553689660658081, "90": 0.2325224309804004, "80": 0.2447356673138646, "100": 0.22744267148552144}}