{"scheme": "18", "f1score": {"10": 0.9697388528212266, "20": 0.9911852631740737, "30": 0.9958779543053627, "50": 0.997732807120665, "40": 0.9970457719929297, "60": 0.9979334027378529, "70": 0.9978124841023553, "90": 0.998728307866883, "80": 0.9982288604451587, "100": 0.9986705442459494}, "are": {"10": 0.06909104745930539, "20": 0.022533967018621943, "30": 0.011518628296955961, "50": 0.006494884275396125, "40": 0.008392329976763547, "60": 0.005625807084240737, "70": 0.005474687263618159, "90": 0.0032100367777785294, "80": 0.004384456667355394, "100": 0.0031620549435351134}}