{"scheme": "11", "f1score": {"10": 0.6216755903665904, "20": 0.7949335344412441, "30": 0.8409077400411312, "50": 0.8733246594453938, "40": 0.8642519421470313, "60": 0.8805316626572749, "70": 0.8843294117647059, "90": 0.8930074003754127, "80": 0.8889068498686603, "100": 0.8952890351779469}, "are": {"10": 0.6342293358285811, "20": 0.46578914370059116, "30": 0.40694283149265853, "50": 0.3555891446921742, "40": 0.37226739641507345, "60": 0.34180011559463813, "70": 0.33334542161980185, "90": 0.3157014768945393, "80": 0.3242257152865053, "100": 0.3099436118307387}}