{"scheme": "15", "f1score": {"10": 0.7971572221922684, "20": 0.8989465788272128, "30": 0.9323864316088266, "50": 0.9569105220511632, "40": 0.9511019989748848, "60": 0.9614953390780665, "70": 0.9655532904709634, "90": 0.9729891836775495, "80": 0.9678893926336692, "100": 0.9746784480749263}, "are": {"10": 0.3434656216458277, "20": 0.22619322104509249, "30": 0.17153288438283776, "50": 0.12021815048629374, "40": 0.13490697642121197, "60": 0.10828980043547391, "70": 0.0978609738489005, "90": 0.08001449311952091, "80": 0.09123486304061756, "100": 0.07476433481752832}}