{"scheme": "18", "f1score": {"10": 0.9154170130058741, "20": 0.9777236576734274, "30": 0.9898059305315996, "50": 0.9945601252989135, "40": 0.9930820169435093, "60": 0.9956386099427277, "70": 0.9964099437783647, "90": 0.9972424852834764, "80": 0.9968622300058377, "100": 0.9971549020829439}, "are": {"10": 0.10497758850129876, "20": 0.03610556714698916, "30": 0.020675732360546813, "50": 0.012170844724373074, "40": 0.014217682633313323, "60": 0.009546174115132085, "70": 0.007908627302176695, "90": 0.006129287200602664, "80": 0.006956889177031495, "100": 0.00600985309174518}}