{"scheme": "1", "f1score": {"10": 0.6853992670535869, "20": 0.8134193226114337, "30": 0.8561240528303656, "50": 0.8865471338467976, "40": 0.8774844014710136, "60": 0.8937371663244353, "70": 0.8988266795589356, "90": 0.9075648154065742, "80": 0.9033917568941796, "100": 0.9092674993788539}, "are": {"10": 0.5496683826363488, "20": 0.4178651801686085, "30": 0.36043330556585246, "50": 0.3093867899779976, "40": 0.3260524843266933, "60": 0.2953285085134382, "70": 0.28472547808774756, "90": 0.26569151386934853, "80": 0.27492471810186536, "100": 0.2606987958065453}}