{"scheme": "9", "f1score": {"10": 0.8155090475421891, "20": 0.9400156342229951, "30": 0.9628888794314168, "50": 0.9791314477291775, "40": 0.9757961143086938, "60": 0.9836823240897944, "70": 0.9858011475550226, "90": 0.9884223190864085, "80": 0.9856404577334809, "100": 0.9892770377816872}, "are": {"10": 0.3405256236181255, "20": 0.14454216002517092, "30": 0.09873282977228741, "50": 0.05995323862877739, "40": 0.06963863424995456, "60": 0.049390360922248515, "70": 0.0435159807139015, "90": 0.035269602277236044, "80": 0.042164778004732575, "100": 0.03332236448340253}}