{"scheme": "10", "f1score": {"10": 0.8136957237443758, "20": 0.9440070270701908, "30": 0.9665458333776271, "50": 0.9820977671858598, "40": 0.9790560805129942, "60": 0.9856611122453788, "70": 0.9873045204120042, "90": 0.9900431790847611, "80": 0.9874299616632263, "100": 0.9909876001087343}, "are": {"10": 0.3474819765946022, "20": 0.13601787364181933, "30": 0.08974359631044225, "50": 0.05221335471435024, "40": 0.06110463328921185, "60": 0.04335877272760255, "70": 0.038142536783505834, "90": 0.03049761598220858, "80": 0.03636016567023603, "100": 0.027553524255471577}}