{"scheme": "3", "f1score": {"10": 0.7276437765706187, "20": 0.8499166107872973, "30": 0.889845524761472, "50": 0.9189367971615852, "40": 0.910462105235057, "60": 0.9263098535485047, "70": 0.9306827193425131, "90": 0.9412177213101228, "80": 0.9348507722680293, "100": 0.9441362742956978}, "are": {"10": 0.47516939775967737, "20": 0.3419269818289544, "30": 0.28206493676184463, "50": 0.22692515973399904, "40": 0.24465682091737262, "60": 0.21060997480955676, "70": 0.19984301616600375, "90": 0.17695208585307048, "80": 0.19039304763378503, "100": 0.16967999749825358}}