{"scheme": "16", "f1score": {"10": 0.8299516439441723, "20": 0.9290812692885969, "30": 0.9541499366299937, "50": 0.9736920734743821, "40": 0.9683257918552036, "60": 0.9775353522614412, "70": 0.9799941613861556, "90": 0.9845417885664585, "80": 0.980677132449474, "100": 0.9859131309743419}, "are": {"10": 0.2700394705714292, "20": 0.15620040087668435, "30": 0.11436020394814184, "50": 0.07205509426888415, "40": 0.08530403416718423, "60": 0.06253012835300842, "70": 0.05563613092088216, "90": 0.04418820378114017, "80": 0.05226778016383881, "100": 0.04032942365844836}}