{"scheme": "14", "f1score": {"10": 0.7635190916659933, "20": 0.8734155992220508, "30": 0.9124900026659558, "50": 0.9372621891867976, "40": 0.9304948577709157, "60": 0.9443901485535574, "70": 0.9492647188943354, "90": 0.959633622436573, "80": 0.9533399194467665, "100": 0.9616772641347311}, "are": {"10": 0.40861881007566564, "20": 0.2860189958062867, "30": 0.2255089710693528, "50": 0.17295727203916647, "40": 0.18958346551782984, "60": 0.15722779061788186, "70": 0.14521027162486258, "90": 0.12301662801580543, "80": 0.13580608061761484, "100": 0.11743580171872738}}