{"scheme": "4", "f1score": {"10": 0.673129129530476, "20": 0.8232688669517891, "30": 0.8652236517097269, "50": 0.8995374141296162, "40": 0.8887093018477681, "60": 0.9064233254744983, "70": 0.9120539166942879, "90": 0.9238988683690211, "80": 0.9173279639938411, "100": 0.9254510179961197}, "are": {"10": 0.561941561876622, "20": 0.39382212257498167, "30": 0.3318058957553631, "50": 0.27194338544801566, "40": 0.29278543804712737, "60": 0.2569051137909003, "70": 0.2445062851984925, "90": 0.2200123923521432, "80": 0.23309782307227478, "100": 0.21499430367476186}}