{"scheme": "15", "f1score": {"10": 0.7619251803833365, "20": 0.8771326385680306, "30": 0.9108212267277895, "50": 0.937675246643424, "40": 0.92996016566861, "60": 0.9439703883256629, "70": 0.9485335990888383, "90": 0.9585996336250763, "80": 0.9519623953834982, "100": 0.9609521550701827}, "are": {"10": 0.442120364744611, "20": 0.28733328512709105, "30": 0.22705566137875263, "50": 0.1703126113218166, "40": 0.1890684846498985, "60": 0.15517150493592438, "70": 0.1435212551484877, "90": 0.12040049741992928, "80": 0.13437126090403892, "100": 0.1141070300901917}}