{"scheme": "19", "f1score": {"10": 0.9670818976941425, "20": 0.9922695316066592, "30": 0.9963787927245715, "50": 0.9979471854096553, "40": 0.9976216003056182, "60": 0.9984333555662412, "70": 0.9987643663569119, "90": 0.9989246681134769, "80": 0.9988327983659178, "100": 0.9988792960318779}, "are": {"10": 0.03717865132079565, "20": 0.011362908812349488, "30": 0.006654934599397714, "50": 0.0036027421105435243, "40": 0.0043180782259085535, "60": 0.002969256860641254, "70": 0.0024118911337342995, "90": 0.0021299322305998207, "80": 0.0023643844047445974, "100": 0.0018167747556925315}}