{"scheme": "10", "f1score": {"10": 0.7858353061763051, "20": 0.9372803679292643, "30": 0.9605267390861421, "50": 0.9787343288691114, "40": 0.9742837636230308, "60": 0.9833170393263743, "70": 0.9844963905122035, "90": 0.98775251775786, "80": 0.9843897561246597, "100": 0.9888790968987368}, "are": {"10": 0.39340148260167873, "20": 0.1548789496707616, "30": 0.10524303576066288, "50": 0.0626962578868588, "40": 0.07479835611371465, "60": 0.05161635431623391, "70": 0.04714488264037261, "90": 0.03782345696368082, "80": 0.04554108084264399, "100": 0.03449172440583985}}