{"scheme": "19", "f1score": {"10": 0.9943288027120362, "20": 0.9984661523316775, "30": 0.9991947639006463, "50": 0.9995529102746807, "40": 0.9993586422950739, "60": 0.999705248134531, "70": 0.9996275479108824, "90": 0.9996676506813161, "80": 0.9995805292626434, "100": 0.9996263699767519}, "are": {"10": 0.013463464534243082, "20": 0.003790875847221648, "30": 0.001983009376115526, "50": 0.0010701239657269854, "40": 0.00153689982314282, "60": 0.000689471924370113, "70": 0.0007905745370874838, "90": 0.0006310502891602787, "80": 0.0008484933087545721, "100": 0.0006772580754316686}}