{"scheme": "7", "f1score": {"10": 0.794092221541692, "20": 0.918356650405193, "30": 0.9472507630798332, "50": 0.9675884797248889, "40": 0.9632684133730888, "60": 0.9731125722886793, "70": 0.9754515500198387, "90": 0.98152887724937, "80": 0.9769886521924855, "100": 0.9829859723653495}, "are": {"10": 0.36281674180701173, "20": 0.19099262979114562, "30": 0.13862436639595613, "50": 0.09266408840411296, "40": 0.10512560123711936, "60": 0.0797121740788837, "70": 0.07229078080555092, "90": 0.058329790535387865, "80": 0.06789451209471158, "100": 0.05403746442747312}}