{"scheme": "2", "f1score": {"10": 0.5948895901846138, "20": 0.7685984535695519, "30": 0.8157840083073729, "50": 0.8481016731016731, "40": 0.8393069207766379, "60": 0.8570060984257553, "70": 0.862166586422725, "90": 0.8727857583502248, "80": 0.867437538715672, "100": 0.8740799588756222}, "are": {"10": 0.6546951245709248, "20": 0.48601008953583213, "30": 0.42536010204272523, "50": 0.3728209454976529, "40": 0.3898593986356833, "60": 0.35687875458100915, "70": 0.34655825392403594, "90": 0.32566361615898587, "80": 0.33639172482120816, "100": 0.32119519190899193}}