{"n_promotions": 466571, "hh_ae": {"100": 33.24870294276346, "70": 30.51071392302224, "40": 25.906163708086783, "10": 16.703081868027983, "80": 31.547241366735953, "50": 27.53945640939691, "20": 21.67061423563481, "90": 32.173143080531666, "60": 29.159387020722175, "30": 24.018859748674245}, "n_exports": 482955}