{"n_promotions": 315122, "hh_ae": {"100": 43.0912298177894, "70": 39.34761856402965, "40": 34.395192307692305, "10": 22.548730068696035, "80": 40.86766582795464, "50": 35.928713092544484, "20": 38.81766499009297, "90": 41.779671618451914, "60": 37.78300657649832, "30": 32.73839836576357}, "n_exports": 331506}