{"n_promotions": 207594, "hh_ae": {"100": 54.87365624870294, "70": 49.00331742324227, "40": 40.34871794871795, "10": 17.51842818428184, "80": 51.17102432264887, "50": 43.67689041593341, "20": 29.972565157750342, "90": 52.88377638780297, "60": 46.59352897381809, "30": 36.28840558776799}, "n_exports": 223978}