{"n_promotions": 315682, "hh_ae": {"100": 40.75374590129913, "70": 36.9178091466098, "40": 30.94060650887574, "10": 14.675288334278692, "80": 38.21977901761295, "50": 33.20679348585156, "20": 23.79260783417162, "90": 39.373885848319, "60": 35.21541134135749, "30": 28.217898190372036}, "n_exports": 332066}