{"n_promotions": 165516, "hh_ae": {"100": 69.1094923836799, "70": 61.266206289563655, "40": 49.666124260355026, "10": 20.44714816915611, "80": 64.14145060715458, "50": 54.09229308081231, "20": 36.104145709495505, "90": 66.6642689601251, "60": 57.92241593249783, "30": 44.2293708602439}, "n_exports": 181900}