{"128": {"n_promotions": 84347, "ae": 19.925162010298177, "n_exports": 100731}, "256": {"n_promotions": 54023, "ae": 25.60001847475011, "n_exports": 70407}, "32": {"n_promotions": 212396, "ae": 12.100947449284433, "n_exports": 228780}, "8": {"n_promotions": 476891, "ae": 5.7364533699708655, "n_exports": 493275}, "64": {"n_promotions": 134980, "ae": 15.65573051449625, "n_exports": 151364}, "16": {"n_promotions": 324671, "ae": 8.788925327337225, "n_exports": 341055}}