{"128": {"n_promotions": 84924, "ae": 20.005762541522277, "n_exports": 101308}, "256": {"n_promotions": 53923, "ae": 25.6321231310242, "n_exports": 70307}, "32": {"n_promotions": 211610, "ae": 12.09499388283495, "n_exports": 227994}, "8": {"n_promotions": 477032, "ae": 5.742455689048691, "n_exports": 493416}, "64": {"n_promotions": 134579, "ae": 15.64698181769106, "n_exports": 150963}, "16": {"n_promotions": 324508, "ae": 8.800423732253169, "n_exports": 340892}}