{"128": {"ae1": 25.983463275645665, "ae2": 21.657815774888356, "n_promotions": 84733, "n_exports": 101117}, "256": {"ae1": 32.13440707521385, "ae2": 25.514187333966145, "n_promotions": 54042, "n_exports": 70426}, "32": {"ae1": 15.714597209370504, "ae2": 13.965541405737365, "n_promotions": 212501, "n_exports": 228885}, "8": {"ae1": 8.487734117568017, "ae2": 7.687907320460467, "n_promotions": 476280, "n_exports": 492664}, "64": {"ae1": 20.50605735784983, "ae2": 17.743857145587402, "n_promotions": 135456, "n_exports": 151840}, "16": {"ae1": 11.644321475142998, "ae2": 10.52604939765944, "n_promotions": 325550, "n_exports": 341934}}