{"128": {"ae1": 20.061342026091324, "ae2": 21.827213306916565, "n_promotions": 85269, "n_exports": 101653}, "256": {"ae1": 25.57223308764039, "ae2": 25.57223308764039, "n_promotions": 53789, "n_exports": 70173}, "32": {"ae1": 12.086049307195493, "ae2": 13.973673481088863, "n_promotions": 211870, "n_exports": 228254}, "8": {"ae1": 5.733081937501827, "ae2": 7.688209924126112, "n_promotions": 477050, "n_exports": 493434}, "64": {"ae1": 15.67332912712096, "ae2": 17.746351236852668, "n_promotions": 135516, "n_exports": 151900}, "16": {"ae1": 8.792858244514616, "ae2": 10.512298450032171, "n_promotions": 324353, "n_exports": 340737}}