{"scheme": "13", "f1score": {"10": 0.5809443808979124, "20": 0.7616342706170975, "30": 0.8104552705853479, "50": 0.8440476574860355, "40": 0.8348150807899463, "60": 0.8530154776730119, "70": 0.8593768099154407, "90": 0.8691673482018524, "80": 0.8635779702457419, "100": 0.8696692470091485}, "are": {"10": 0.6724787495831973, "20": 0.5040324110932863, "30": 0.4442467785386692, "50": 0.39237403992909614, "40": 0.40919894299863985, "60": 0.3772234325733587, "70": 0.36674653687533865, "90": 0.34731810171217975, "80": 0.35782003345605323, "100": 0.3436975724698585}}