{"scheme": "12", "f1score": {"10": 0.5374614885121786, "20": 0.7346773493766813, "30": 0.7855675269356052, "50": 0.8177660364897219, "40": 0.8092589058991032, "60": 0.8241688096149988, "70": 0.8303605012571021, "90": 0.8391195824824144, "80": 0.834873494359824, "100": 0.839123102866779}, "are": {"10": 0.7202505883769893, "20": 0.5520517454965118, "30": 0.4949979618829157, "50": 0.44847479648882277, "40": 0.46332943253220105, "60": 0.43689351155043393, "70": 0.4269917161414254, "90": 0.4097485853926671, "80": 0.4182005969886642, "100": 0.4072939328192159}}