{"scheme": "1", "f1score": {"10": 0.5649276070068822, "20": 0.7462883347664087, "30": 0.7944329743041217, "50": 0.8255806324629315, "40": 0.8168944244315779, "60": 0.8334238048709876, "70": 0.8385689011205032, "90": 0.8488366860177309, "80": 0.8432108659889485, "100": 0.8495917490330898}, "are": {"10": 0.6839875374127958, "20": 0.5159733294307862, "30": 0.4566995627906217, "50": 0.4065767369792235, "40": 0.4232336513365689, "60": 0.39190271021965495, "70": 0.3821083370616213, "90": 0.36222993219475574, "80": 0.37246114167271777, "100": 0.35842251634534616}}