{"scheme": "14", "f1score": {"10": 0.6946717689661267, "20": 0.8337465454577768, "30": 0.8740155651062841, "50": 0.9056061624992359, "40": 0.8962899473490877, "60": 0.9137533064882988, "70": 0.9197125669671427, "90": 0.9304231476835592, "80": 0.924063793475489, "100": 0.932946543248151}, "are": {"10": 0.535215842550248, "20": 0.37253476214415326, "30": 0.3104812747380311, "50": 0.25115048295295134, "40": 0.27099456198106114, "60": 0.23419551789173448, "70": 0.22113856296818646, "90": 0.1976520490037741, "80": 0.21091579073759192, "100": 0.19104450249317417}}