{"scheme": "7", "f1score": {"10": 0.7507924148399834, "20": 0.8952727150334056, "30": 0.9278343674309034, "50": 0.9541225443657343, "40": 0.9461720312784143, "60": 0.9596618045695108, "70": 0.9630032644178455, "90": 0.9702093397745571, "80": 0.9653090867933072, "100": 0.9717919173814705}, "are": {"10": 0.45272405302007374, "20": 0.24941111828748658, "30": 0.1897000519098172, "50": 0.1332889012634496, "40": 0.15206699486531836, "60": 0.11918108323608963, "70": 0.10991197354135228, "90": 0.0919910385859019, "80": 0.10302976679634805, "100": 0.08701511658797102}}