{"scheme": "9", "f1score": {"10": 0.7775377969762418, "20": 0.9282663901295859, "30": 0.9536382379292105, "50": 0.9735084148054705, "40": 0.9688071995118975, "60": 0.9781320318194784, "70": 0.9799920589707735, "90": 0.9843570095684281, "80": 0.9812778603268945, "100": 0.9858153043185454}, "are": {"10": 0.4077951892205209, "20": 0.17582429256129747, "30": 0.123476531975046, "50": 0.07740236675905, "40": 0.09057790653289628, "60": 0.06570035641065139, "70": 0.059706672088742314, "90": 0.048099237680002266, "80": 0.0555713971340699, "100": 0.044048685121224895}}