{"0": {"40": {"f1score": 0.9454914091133583, "are": 0.15828251401026908}, "10": {"f1score": 0.8309030386048635, "are": 0.3650524703375397}, "50": {"f1score": 0.950773558368495, "are": 0.14442700354730087}, "20": {"f1score": 0.9060950301292684, "are": 0.23861662244223325}, "60": {"f1score": 0.9555246023776359, "are": 0.13289531462817572}, "30": {"f1score": 0.9328842068183569, "are": 0.18714238299122218}}, "1": {"40": {"f1score": 0.9454914091133583, "are": 0.15828251401026908}, "10": {"f1score": 0.8309030386048635, "are": 0.3650524703375397}, "50": {"f1score": 0.950773558368495, "are": 0.14442700354730087}, "20": {"f1score": 0.9060950301292684, "are": 0.23861662244223325}, "60": {"f1score": 0.9555246023776359, "are": 0.13289531462817572}, "30": {"f1score": 0.9328842068183569, "are": 0.18714238299122218}}, "2": {"40": {"f1score": 0.9118077072686545, "are": 0.24600452479460866}, "10": {"f1score": 0.753606462781304, "are": 0.47837917687742715}, "50": {"f1score": 0.9192550333544628, "are": 0.2301220077933744}, "20": {"f1score": 0.8585567799337269, "are": 0.3360158201974298}, "60": {"f1score": 0.9268284563400913, "are": 0.2149293434826179}, "30": {"f1score": 0.893843783876305, "are": 0.2788146434968117}}, "3": {"40": {"f1score": 0.8914941586390654, "are": 0.29134504347063195}, "10": {"f1score": 0.7182747263392425, "are": 0.5227418733260886}, "50": {"f1score": 0.8995374141296162, "are": 0.2747140009257202}, "20": {"f1score": 0.831261354326221, "are": 0.3852951316419959}, "60": {"f1score": 0.9078528355579646, "are": 0.25877635385906483}, "30": {"f1score": 0.8706279855528369, "are": 0.32678841108266155}}, "4": {"40": {"f1score": 0.8758695230440928, "are": 0.3232112970305569}, "10": {"f1score": 0.6839409585533022, "are": 0.561493287749796}, "50": {"f1score": 0.8841688613236509, "are": 0.306234275835432}, "20": {"f1score": 0.8114613803283737, "are": 0.4193057667284491}, "60": {"f1score": 0.8922410830870732, "are": 0.2903419565146236}, "30": {"f1score": 0.8533913742932172, "are": 0.359741772934823}}, "5": {"40": {"f1score": 0.8643064130023939, "are": 0.3441551582592478}, "10": {"f1score": 0.6354742662696724, "are": 0.6091357912861239}, "50": {"f1score": 0.8741332410886964, "are": 0.32546217023224056}, "20": {"f1score": 0.7967211310997414, "are": 0.44210592739867083}, "60": {"f1score": 0.8825262574092689, "are": 0.30924925167829476}, "30": {"f1score": 0.8399550045474127, "are": 0.3818618996690537}}, "6": {"40": {"f1score": 0.8548480442669001, "are": 0.36316566309898113}, "10": {"f1score": 0.5831373896282943, "are": 0.6562733557804933}, "50": {"f1score": 0.8649282713798843, "are": 0.3443166387024335}, "20": {"f1score": 0.7799150265425843, "are": 0.46479913534020745}, "60": {"f1score": 0.8735608085678843, "are": 0.32855585905782086}, "30": {"f1score": 0.8296711257062829, "are": 0.40103301887570064}}, "7": {"40": {"f1score": 0.8465235319209442, "are": 0.3797547802108228}, "10": {"f1score": 0.5446595534044659, "are": 0.6892303856313641}, "50": {"f1score": 0.857872068910512, "are": 0.3601166370455565}, "20": {"f1score": 0.7672712585593118, "are": 0.4821002116678431}, "60": {"f1score": 0.8669642543320094, "are": 0.3442871219484253}, "30": {"f1score": 0.8190302144249513, "are": 0.41869223545475137}}, "8": {"40": {"f1score": 0.8382310820874147, "are": 0.39323796701862057}, "10": {"f1score": 0.5149410449611097, "are": 0.7128918985430537}, "50": {"f1score": 0.8509347669100538, "are": 0.37263264336052937}, "20": {"f1score": 0.751291541001075, "are": 0.5003851798284334}, "60": {"f1score": 0.8606418321905704, "are": 0.35618094699768627}, "30": {"f1score": 0.8087647933538976, "are": 0.43323384323750924}}, "9": {"40": {"f1score": 0.8321817239592331, "are": 0.402348181844643}, "10": {"f1score": 0.4919370544005396, "are": 0.7304619017289715}, "50": {"f1score": 0.845436955820703, "are": 0.38116284642130466}, "20": {"f1score": 0.7385002787228726, "are": 0.514033781727537}, "60": {"f1score": 0.8563167417603861, "are": 0.364411606432883}, "30": {"f1score": 0.8007472288202692, "are": 0.4438034436794218}}, "10": {"40": {"f1score": 0.818915062749323, "are": 0.4224862212596296}, "10": {"f1score": 0.45986046015157245, "are": 0.7543876634860054}, "50": {"f1score": 0.8345892807734249, "are": 0.3998248228429957}, "20": {"f1score": 0.7181480757960539, "are": 0.5373275256918457}, "60": {"f1score": 0.846634107944686, "are": 0.3815474761986276}, "30": {"f1score": 0.7847193490553027, "are": 0.46531579581092153}}}