{"0": {"n_promotions": 407593, "f1score": {"40": 0.9150161476094762, "10": 0.7805298876576817, "50": 0.9285412038506293, "20": 0.8584911948595577, "60": 0.9361068952176889, "30": 0.8960050029429075}, "are": {"40": 0.22614366878092676, "10": 0.41524770385209714, "50": 0.19995406589586734, "20": 0.31326121526878903, "60": 0.18298009734414886, "30": 0.2615505654327289}, "n_exports": 423977}, "1": {"n_promotions": 407036, "f1score": {"40": 0.9141281749977402, "10": 0.7801932058089694, "50": 0.9296183810907171, "20": 0.856894778322491, "60": 0.9365641651534546, "30": 0.8963793420327146}, "are": {"40": 0.22777938647492948, "10": 0.41660984252230215, "50": 0.19922760841380743, "20": 0.3157786638466942, "60": 0.18340390910521728, "30": 0.26104083975852344}, "n_exports": 423420}, "2": {"n_promotions": 338883, "f1score": {"40": 0.907002138404841, "10": 0.7689109805693628, "50": 0.9212550230194002, "20": 0.8477467160660155, "60": 0.929978708729421, "30": 0.8877235245066246}, "are": {"40": 0.24298557582436392, "10": 0.4323565598654937, "50": 0.21565792666495387, "20": 0.3327642903420741, "60": 0.19858817858502248, "30": 0.27869898675067023}, "n_exports": 355267}, "3": {"n_promotions": 316592, "f1score": {"40": 0.9062058273676531, "10": 0.7649924429654712, "50": 0.9199594731509626, "20": 0.8460977782577005, "60": 0.9283633196167361, "30": 0.8851270997472871}, "are": {"40": 0.24860426712892233, "10": 0.43956122240940476, "50": 0.22168701524555773, "20": 0.3373186697177428, "60": 0.20438491949510315, "30": 0.2849262266251677}, "n_exports": 332976}, "4": {"n_promotions": 308855, "f1score": {"40": 0.9035013589749447, "10": 0.7628050720356314, "50": 0.9184273870018722, "20": 0.8447652451823464, "60": 0.925400981011706, "30": 0.8840266656735317}, "are": {"40": 0.25372752916757274, "10": 0.4427249065213204, "50": 0.2266478316713832, "20": 0.34224081156631975, "60": 0.2099090966236386, "30": 0.2893771157666583}, "n_exports": 325239}, "5": {"n_promotions": 173235, "f1score": {"40": 0.8845042862467387, "10": 0.7192184719845657, "50": 0.9009857850879582, "20": 0.8183123127308202, "60": 0.9108202336534346, "30": 0.8634480136856111}, "are": {"40": 0.292420093431098, "10": 0.501706190274545, "50": 0.26353930214089233, "20": 0.3867509785735034, "60": 0.2433541868225401, "30": 0.3282325817701067}, "n_exports": 189619}, "6": {"n_promotions": 112443, "f1score": {"40": 0.8681664419369338, "10": 0.6777792809792013, "50": 0.8871554575523704, "20": 0.7972700127968151, "60": 0.8966650136374906, "30": 0.8454166022569175}, "are": {"40": 0.3182930724603694, "10": 0.5504391050851211, "50": 0.2862356553574734, "20": 0.4166063987819008, "60": 0.26729951444088573, "30": 0.35568972106788355}, "n_exports": 128827}, "7": {"n_promotions": 80743, "f1score": {"40": 0.8576960772595797, "10": 0.6378980750137075, "50": 0.8775396604508768, "20": 0.7769384388295563, "60": 0.8892078250288602, "30": 0.829502478788235}, "are": {"40": 0.33290996129537553, "10": 0.5917500808689966, "50": 0.29931369220557547, "20": 0.43981969541434124, "60": 0.2769194580586547, "30": 0.3753418157190756}, "n_exports": 97127}, "8": {"n_promotions": 62091, "f1score": {"40": 0.8464027040077258, "10": 0.6019494850416871, "50": 0.8673798893662428, "20": 0.7560200446421972, "60": 0.8801384954359458, "30": 0.8151385715704779}, "are": {"40": 0.34439326957710714, "10": 0.6256327203239532, "50": 0.3099468944234314, "20": 0.4641609605290824, "60": 0.2859144839168557, "30": 0.3912594814841784}, "n_exports": 78475}, "9": {"n_promotions": 52509, "f1score": {"40": 0.8371810153988372, "10": 0.5739689122426699, "50": 0.8628347300996078, "20": 0.7352033364951743, "60": 0.8743712233857446, "30": 0.8008929648847593}, "are": {"40": 0.3522997556526598, "10": 0.6491929704569597, "50": 0.31291784343219387, "20": 0.48333983009456805, "60": 0.2900644867163379, "30": 0.40442824307175823}, "n_exports": 68893}, "10": {"n_promotions": 46613, "f1score": {"40": 0.8267289030831593, "10": 0.5490278473647633, "50": 0.854611540208996, "20": 0.7202317426436957, "60": 0.8700654758120909, "30": 0.7866804987693496}, "are": {"40": 0.360343015645502, "10": 0.6706830420721044, "50": 0.31821997998893686, "20": 0.495620964193065, "60": 0.29224839023577925, "30": 0.4162280117471339}, "n_exports": 62997}}