{"0": {"n_promotions": 406401, "f1score": {"40": 0.9139881891538566, "10": 0.7838371639556679, "50": 0.9264391479927152, "20": 0.8565964567451991, "60": 0.9359588328028794, "30": 0.8954116307262775}, "are": {"40": 0.2263254394886341, "10": 0.40829914267077516, "50": 0.20131485541867564, "20": 0.31437207306473086, "60": 0.18256453634089023, "30": 0.26125238758316754}, "n_exports": 422785}, "1": {"n_promotions": 408161, "f1score": {"40": 0.9143797776625252, "10": 0.7842845618634667, "50": 0.9264496385796444, "20": 0.8578777793983108, "60": 0.9363969165748981, "30": 0.8957663697309212}, "are": {"40": 0.22665699500791647, "10": 0.4088425895318374, "50": 0.20117132510799152, "20": 0.3125554010837686, "60": 0.18306744740228123, "30": 0.2613737224826069}, "n_exports": 424545}, "2": {"n_promotions": 340340, "f1score": {"40": 0.9077875825148016, "10": 0.7721690463319235, "50": 0.9208659848585469, "20": 0.8506564697703024, "60": 0.9303452815510741, "30": 0.8882010601623604}, "are": {"40": 0.24223596171027356, "10": 0.42607960156513386, "50": 0.2171804953397564, "20": 0.32865278862666697, "60": 0.19792866016416588, "30": 0.27919853015293133}, "n_exports": 356724}, "3": {"n_promotions": 319383, "f1score": {"40": 0.9046460327928502, "10": 0.7696153134943154, "50": 0.9183282820226512, "20": 0.8460671140939596, "60": 0.9283077754103772, "30": 0.8860679620659576}, "are": {"40": 0.2484991230926012, "10": 0.43093273362427975, "50": 0.2219881811990571, "20": 0.33593117773567127, "60": 0.20410646453028666, "30": 0.2836450828822546}, "n_exports": 335767}, "4": {"n_promotions": 309953, "f1score": {"40": 0.9031978862973761, "10": 0.7653134358921851, "50": 0.9167644235896342, "20": 0.8434153634784014, "60": 0.9260994953136265, "30": 0.8820539554281246}, "are": {"40": 0.2532274889986704, "10": 0.4372229663090571, "50": 0.22739302992154561, "20": 0.3420924667953117, "60": 0.20842395419165533, "30": 0.2908578223298158}, "n_exports": 326337}, "5": {"n_promotions": 177185, "f1score": {"40": 0.8823132260843246, "10": 0.7257021748868431, "50": 0.8983294852641586, "20": 0.8168736830431407, "60": 0.9089130700574641, "30": 0.8602281600548497}, "are": {"40": 0.29552945989614715, "10": 0.4924536234864123, "50": 0.2660465456623394, "20": 0.3881789792646304, "60": 0.2459812284975843, "30": 0.3325366763494248}, "n_exports": 193569}, "6": {"n_promotions": 116384, "f1score": {"40": 0.8689150943396228, "10": 0.6842752185937369, "50": 0.8870028565150516, "20": 0.7991997294860235, "60": 0.8982631806662958, "30": 0.8426590333249521}, "are": {"40": 0.3181408377895221, "10": 0.5419320163435555, "50": 0.28731867088316654, "20": 0.4139264424713182, "60": 0.2662864023670574, "30": 0.35943305939542836}, "n_exports": 132768}, "7": {"n_promotions": 84765, "f1score": {"40": 0.8600723189646969, "10": 0.6478924260646545, "50": 0.8777189725401091, "20": 0.7790667623833454, "60": 0.8901554081410196, "30": 0.8306224585548952}, "are": {"40": 0.33000991340118374, "10": 0.5800593252208236, "50": 0.29971409769777074, "20": 0.43801457471142935, "60": 0.2767935387718519, "30": 0.37494544374824756}, "n_exports": 101149}, "8": {"n_promotions": 66248, "f1score": {"40": 0.848246035559827, "10": 0.6127482526901836, "50": 0.8696599095325849, "20": 0.7568596444991068, "60": 0.8827754948398632, "30": 0.8164810337310239}, "are": {"40": 0.343411568532558, "10": 0.613662004169129, "50": 0.3088861411821996, "20": 0.46104318688264323, "60": 0.2850438278063369, "30": 0.3905613121938161}, "n_exports": 82632}, "9": {"n_promotions": 56027, "f1score": {"40": 0.8384139687158967, "10": 0.5886252803870682, "50": 0.8619468031265816, "20": 0.7394523236107394, "60": 0.8763237518910741, "30": 0.8022689463029404}, "are": {"40": 0.352076208474579, "10": 0.6351899983465505, "50": 0.3150253082521036, "20": 0.4777112189757269, "60": 0.28916874966849576, "30": 0.40343671018316524}, "n_exports": 72411}, "10": {"n_promotions": 49174, "f1score": {"40": 0.8279793506715925, "10": 0.5633822866497425, "50": 0.8520398038159499, "20": 0.7226520670256248, "60": 0.8679053517548039, "30": 0.7902879591754081}, "are": {"40": 0.362548567989482, "10": 0.6597735705101307, "50": 0.32516077013265754, "20": 0.49378643353071955, "60": 0.298278895868964, "30": 0.41601574334072805}, "n_exports": 65558}}