{"0": {"n_promotions": 972684, "f1score": {"40": 0.9411127027759495, "10": 0.7859648635800563, "50": 0.9460981731162086, "20": 0.889669688853944, "60": 0.9517357078332689, "30": 0.9243609351103342}, "are": {"40": 0.16779497156513926, "10": 0.38563613880030784, "50": 0.15486683092286982, "20": 0.2553895355358965, "60": 0.14095102531929282, "30": 0.2009047608156049}, "n_exports": 989068}, "1": {"n_promotions": 969952, "f1score": {"40": 0.9404788051833957, "10": 0.7854453942305691, "50": 0.9467779768929295, "20": 0.890829408150727, "60": 0.9514350209609802, "30": 0.9248697589585085}, "are": {"40": 0.16912494809845025, "10": 0.3854411433232605, "50": 0.15326838633739828, "20": 0.2546164218346525, "60": 0.1412570458283471, "30": 0.20006368114553216}, "n_exports": 986336}, "2": {"n_promotions": 780867, "f1score": {"40": 0.9329910341951627, "10": 0.7702125267063984, "50": 0.9395862717442406, "20": 0.8790333267077454, "60": 0.9446204330945303, "30": 0.9161323076583487}, "are": {"40": 0.19035123543690932, "10": 0.4100179460210122, "50": 0.17356964073017184, "20": 0.27866773665025174, "60": 0.1605271338869322, "30": 0.22306540220795457}, "n_exports": 797251}, "3": {"n_promotions": 722193, "f1score": {"40": 0.9298827461938214, "10": 0.7631985136991865, "50": 0.9366106843215029, "20": 0.8761023661353123, "60": 0.9430186896090987, "30": 0.9122962437987243}, "are": {"40": 0.19755038208314807, "10": 0.42016427367286907, "50": 0.18257821981118236, "20": 0.28728884161589113, "60": 0.16798855810566973, "30": 0.23176874044792667}, "n_exports": 738577}, "4": {"n_promotions": 691020, "f1score": {"40": 0.9272510513421808, "10": 0.7613282772796541, "50": 0.9350396315812779, "20": 0.8736249979135022, "60": 0.9405292456372334, "30": 0.9091838094814947}, "are": {"40": 0.2041234518742074, "10": 0.4253277716553061, "50": 0.18667766709033815, "20": 0.2938750185807519, "60": 0.17373989546508772, "30": 0.23866564489375047}, "n_exports": 707404}, "5": {"n_promotions": 448666, "f1score": {"40": 0.9102824195184452, "10": 0.7277836448632641, "50": 0.9194632887074503, "20": 0.8514523249222736, "60": 0.9267985551910395, "30": 0.8898249279048117}, "are": {"40": 0.24442957192990428, "10": 0.47510330446667004, "50": 0.22492263884359487, "20": 0.3398968729903551, "60": 0.20964320317737037, "30": 0.28149620403955183}, "n_exports": 465050}, "6": {"n_promotions": 317653, "f1score": {"40": 0.8979244365169451, "10": 0.6958428862869981, "50": 0.9078098188389291, "20": 0.8323167263212246, "60": 0.9154070449441968, "30": 0.8753470262299992}, "are": {"40": 0.2717519605572274, "10": 0.518967252425742, "50": 0.2518975559620534, "20": 0.3726304286363071, "60": 0.23603634402855272, "30": 0.31048816690367553}, "n_exports": 334037}, "7": {"n_promotions": 234949, "f1score": {"40": 0.8896553604537027, "10": 0.6595266871691776, "50": 0.900361209746541, "20": 0.8222934944911249, "60": 0.9084064821066848, "30": 0.8659427030043716}, "are": {"40": 0.28978956925623583, "10": 0.5637803736885935, "50": 0.2691890951157772, "20": 0.3902252859556367, "60": 0.2528245696622397, "30": 0.3287079409723648}, "n_exports": 251333}, "8": {"n_promotions": 181902, "f1score": {"40": 0.8818166840573344, "10": 0.6240482760913655, "50": 0.8939970131329771, "20": 0.8084680303247032, "60": 0.9015563408998233, "30": 0.8573002109210218}, "are": {"40": 0.3048631342783839, "10": 0.6050751309117116, "50": 0.2829021476263576, "20": 0.409496989517339, "60": 0.26760158038271237, "30": 0.34471343562583506}, "n_exports": 198286}, "9": {"n_promotions": 145843, "f1score": {"40": 0.8738175582231565, "10": 0.5906500900931895, "50": 0.8868184848156013, "20": 0.794239205307617, "60": 0.8954545454545455, "30": 0.8470529777819843}, "are": {"40": 0.3209909892488782, "10": 0.6401269219398494, "50": 0.2985897841688106, "20": 0.4299377153858301, "60": 0.28188008215155363, "30": 0.3620354510563067}, "n_exports": 162227}, "10": {"n_promotions": 122535, "f1score": {"40": 0.8661145521609019, "10": 0.5544029857425423, "50": 0.8799413434838225, "20": 0.7797425586220826, "60": 0.8894462003572902, "30": 0.8382922440808838}, "are": {"40": 0.3348730392626176, "10": 0.675341225891639, "50": 0.3118418795812824, "20": 0.4491393496134398, "60": 0.2943385442929718, "30": 0.3759717510257635}, "n_exports": 138919}}