{"8": {"f1score1": 0.6519213910916978, "f1score2": 0.9497004439463816, "n_promotions": 455059, "ae": 7.807100045674444, "n_exports": 471443}, "16": {"f1score1": 0.5457066734562119, "f1score2": 0.9369041242635244, "n_promotions": 295729, "ae": 14.535705468656037, "n_exports": 312113}, "2": {"f1score1": 0.7880362584147712, "f1score2": 0.9615500538213133, "n_promotions": 1023784, "ae": 3.5364308699237537, "n_exports": 1040168}, "4": {"f1score1": 0.7458420172013973, "f1score2": 0.9563811207658639, "n_promotions": 691466, "ae": 4.759339487908378, "n_exports": 707850}, "32": {"f1score1": 0.5342890619615411, "f1score2": 0.9087173839376482, "n_promotions": 185980, "ae": 27.45918499857154, "n_exports": 202364}}