{"8": {"n_promotions": 455654, "ae": 7.805453514001135, "n_exports": 472038}, "16": {"n_promotions": 295075, "ae": 14.52388038907746, "n_exports": 311459}, "2": {"n_promotions": 1024711, "ae": 3.548226387606176, "n_exports": 1041095}, "4": {"n_promotions": 691433, "ae": 4.779193539571491, "n_exports": 707817}, "32": {"n_promotions": 185981, "ae": 27.39572965440839, "n_exports": 202365}}