{"0": {"n_promotions": 768222, "f1score": {"40": 0.9442321238553422, "10": 0.7934422328364298, "50": 0.9513881860810309, "20": 0.8969059226722016, "60": 0.9552755495170207, "30": 0.9320353574763666}, "are": {"40": 0.15939133955583606, "10": 0.37199317284417205, "50": 0.1426242733725622, "20": 0.24269002996308758, "60": 0.1315294932003188, "30": 0.18530284207799097}, "n_exports": 784606}, "1": {"n_promotions": 764872, "f1score": {"40": 0.9436055839618539, "10": 0.793961943233762, "50": 0.9505224598659667, "20": 0.8972076434598545, "60": 0.9550844144965843, "30": 0.9321446387229633}, "are": {"40": 0.16073080251475022, "10": 0.3723464907048553, "50": 0.1446167207399841, "20": 0.24389405783168244, "60": 0.13232247332378475, "30": 0.18573376870600355}, "n_exports": 781256}, "2": {"n_promotions": 613764, "f1score": {"40": 0.9361534975071762, "10": 0.7770731391864801, "50": 0.9448727964403384, "20": 0.8867557501881702, "60": 0.9506410856340664, "30": 0.923228066546879}, "are": {"40": 0.1806062317712918, "10": 0.39895403373657307, "50": 0.16161827845882504, "20": 0.2671800609707965, "60": 0.14837231557201067, "30": 0.20823660950118822}, "n_exports": 630148}, "3": {"n_promotions": 567387, "f1score": {"40": 0.934426726490026, "10": 0.7718967529940768, "50": 0.9411323584551932, "20": 0.8817066939192643, "60": 0.9474593782286089, "30": 0.9196722586667359}, "are": {"40": 0.1875628927729744, "10": 0.406571384744685, "50": 0.17035802973962882, "20": 0.2776201719027918, "60": 0.15642375275320267, "30": 0.21606328758481516}, "n_exports": 583771}, "4": {"n_promotions": 545366, "f1score": {"40": 0.9315243318798524, "10": 0.7669852695084476, "50": 0.9397845423659366, "20": 0.8803116147308782, "60": 0.9456276339554485, "30": 0.9191224198364274}, "are": {"40": 0.19390427947526073, "10": 0.414557556669825, "50": 0.1751052846665871, "20": 0.28174083073259004, "60": 0.16136307802623487, "30": 0.22022483042738475}, "n_exports": 561750}, "5": {"n_promotions": 353024, "f1score": {"40": 0.9159357628165534, "10": 0.7373797941453606, "50": 0.9262661628592228, "20": 0.858024504001376, "60": 0.9313603818615751, "30": 0.899181404481711}, "are": {"40": 0.23108289028207202, "10": 0.4607778256821548, "50": 0.2099595205938546, "20": 0.327891035221268, "60": 0.19722663629590806, "30": 0.26387310745619014}, "n_exports": 369408}, "6": {"n_promotions": 248158, "f1score": {"40": 0.905991719396922, "10": 0.7039374136275267, "50": 0.914951796669588, "20": 0.8421517842460122, "60": 0.9223501282273769, "30": 0.8867351328099795}, "are": {"40": 0.25507650567950035, "10": 0.5067230335328317, "50": 0.23543259133015718, "20": 0.35586270933204944, "60": 0.21914023057205773, "30": 0.28953008342613773}, "n_exports": 264542}, "7": {"n_promotions": 187554, "f1score": {"40": 0.8977367583828139, "10": 0.6723397626257216, "50": 0.9074074074074073, "20": 0.8303157544640073, "60": 0.9148485613816953, "30": 0.876565003666386}, "are": {"40": 0.27335446610627895, "10": 0.5482749711286792, "50": 0.2535079525685823, "20": 0.3760540885550243, "60": 0.2371071859045341, "30": 0.3096950993528646}, "n_exports": 203938}, "8": {"n_promotions": 145122, "f1score": {"40": 0.8893086752916899, "10": 0.6382819151092552, "50": 0.9002009138915065, "20": 0.8182171724072692, "60": 0.909282700421941, "30": 0.8688233202986134}, "are": {"40": 0.2897237426271137, "10": 0.5889696681986384, "50": 0.2682397539772156, "20": 0.395398704570223, "60": 0.2501594837527727, "30": 0.3247799129376974}, "n_exports": 161506}, "9": {"n_promotions": 117804, "f1score": {"40": 0.8835295243563978, "10": 0.6089844853379643, "50": 0.895568772437443, "20": 0.8047101873224904, "60": 0.9040391148113968, "30": 0.8606230967439682}, "are": {"40": 0.30074501935035386, "10": 0.6209519196986619, "50": 0.27847797651447265, "20": 0.4125731323691389, "60": 0.2619039361316631, "30": 0.3382508205990054}, "n_exports": 134188}, "10": {"n_promotions": 99363, "f1score": {"40": 0.8760643938176793, "10": 0.5764144690376068, "50": 0.8892760912520209, "20": 0.7919078876573766, "60": 0.8986857165410269, "30": 0.8523607294529104}, "are": {"40": 0.313823033802985, "10": 0.6539726809658363, "50": 0.2905676335759581, "20": 0.42963723756178235, "60": 0.27274474434949963, "30": 0.3512674396839484}, "n_exports": 115747}}