{"0": {"n_promotions": 1511142, "f1score": {"40": 0.9454914091133583, "10": 0.8309030386048635, "50": 0.950773558368495, "20": 0.9060950301292684, "60": 0.9555246023776359, "30": 0.9328842068183569}, "are": {"40": 0.15828251401026908, "10": 0.3650524703375397, "50": 0.14442700354730087, "20": 0.23861662244223325, "60": 0.13289531462817572, "30": 0.18714238299122218}, "n_exports": 1527526}, "1": {"n_promotions": 1511142, "f1score": {"40": 0.9454914091133583, "10": 0.8309030386048635, "50": 0.950773558368495, "20": 0.9060950301292684, "60": 0.9555246023776359, "30": 0.9328842068183569}, "are": {"40": 0.15828251401026908, "10": 0.3650524703375397, "50": 0.14442700354730087, "20": 0.23861662244223325, "60": 0.13289531462817572, "30": 0.18714238299122218}, "n_exports": 1527526}, "2": {"n_promotions": 776988, "f1score": {"40": 0.9118077072686545, "10": 0.753606462781304, "50": 0.9192550333544628, "20": 0.8585567799337269, "60": 0.9268284563400913, "30": 0.893843783876305}, "are": {"40": 0.24600452479460866, "10": 0.47837917687742715, "50": 0.2301220077933744, "20": 0.3360158201974298, "60": 0.2149293434826179, "30": 0.2788146434968117}, "n_exports": 793372}, "3": {"n_promotions": 471714, "f1score": {"40": 0.8914941586390654, "10": 0.7182747263392425, "50": 0.8995374141296162, "20": 0.831261354326221, "60": 0.9078528355579646, "30": 0.8706279855528369}, "are": {"40": 0.29134504347063195, "10": 0.5227418733260886, "50": 0.2747140009257202, "20": 0.3852951316419959, "60": 0.25877635385906483, "30": 0.32678841108266155}, "n_exports": 488098}, "4": {"n_promotions": 316944, "f1score": {"40": 0.8758695230440928, "10": 0.6839409585533022, "50": 0.8841688613236509, "20": 0.8114613803283737, "60": 0.8922410830870732, "30": 0.8533913742932172}, "are": {"40": 0.3232112970305569, "10": 0.561493287749796, "50": 0.306234275835432, "20": 0.4193057667284491, "60": 0.2903419565146236, "30": 0.359741772934823}, "n_exports": 333328}, "5": {"n_promotions": 226089, "f1score": {"40": 0.8643064130023939, "10": 0.6354742662696724, "50": 0.8741332410886964, "20": 0.7967211310997414, "60": 0.8825262574092689, "30": 0.8399550045474127}, "are": {"40": 0.3441551582592478, "10": 0.6091357912861239, "50": 0.32546217023224056, "20": 0.44210592739867083, "60": 0.30924925167829476, "30": 0.3818618996690537}, "n_exports": 242473}, "6": {"n_promotions": 165516, "f1score": {"40": 0.8548480442669001, "10": 0.5831373896282943, "50": 0.8649282713798843, "20": 0.7799150265425843, "60": 0.8735608085678843, "30": 0.8296711257062829}, "are": {"40": 0.36316566309898113, "10": 0.6562733557804933, "50": 0.3443166387024335, "20": 0.46479913534020745, "60": 0.32855585905782086, "30": 0.40103301887570064}, "n_exports": 181900}, "7": {"n_promotions": 133365, "f1score": {"40": 0.8465235319209442, "10": 0.5446595534044659, "50": 0.857872068910512, "20": 0.7672712585593118, "60": 0.8669642543320094, "30": 0.8190302144249513}, "are": {"40": 0.3797547802108228, "10": 0.6892303856313641, "50": 0.3601166370455565, "20": 0.4821002116678431, "60": 0.3442871219484253, "30": 0.41869223545475137}, "n_exports": 149749}, "8": {"n_promotions": 111711, "f1score": {"40": 0.8382310820874147, "10": 0.5149410449611097, "50": 0.8509347669100538, "20": 0.751291541001075, "60": 0.8606418321905704, "30": 0.8087647933538976}, "are": {"40": 0.39323796701862057, "10": 0.7128918985430537, "50": 0.37263264336052937, "20": 0.5003851798284334, "60": 0.35618094699768627, "30": 0.43323384323750924}, "n_exports": 128095}, "9": {"n_promotions": 97845, "f1score": {"40": 0.8321817239592331, "10": 0.4919370544005396, "50": 0.845436955820703, "20": 0.7385002787228726, "60": 0.8563167417603861, "30": 0.8007472288202692}, "are": {"40": 0.402348181844643, "10": 0.7304619017289715, "50": 0.38116284642130466, "20": 0.514033781727537, "60": 0.364411606432883, "30": 0.4438034436794218}, "n_exports": 114229}, "10": {"n_promotions": 83340, "f1score": {"40": 0.818915062749323, "10": 0.45986046015157245, "50": 0.8345892807734249, "20": 0.7181480757960539, "60": 0.846634107944686, "30": 0.7847193490553027}, "are": {"40": 0.4224862212596296, "10": 0.7543876634860054, "50": 0.3998248228429957, "20": 0.5373275256918457, "60": 0.3815474761986276, "30": 0.46531579581092153}, "n_exports": 99724}}